model_name,avg_word_length,avg_sentence_length,syntactic_complexity,flesch_reading_ease,flesch_kincaid_grade,smog_index,gunning_fog,type_token_ratio,embedding_diversity,bigram_diversity,reasoning_keyword_ratio,average_reasoning_steps,inference_complexity_score,context_recall,faithfulness,factual_correctness(mode=f1)
meta-llama/llama-3.2-3b-instruct,5.588565229060205,28.2244840629456,1.0,22.81776166748606,16.076654009978547,17.16692742463335,19.855362252245364,0.6683918344515604,0.4212713860598014,0.892942038057643,0.006471206667109046,0.6923076923076923,6.532770387257567,0.922602089268756,0.7336674665788063,0.4014529914529915
deepseek/deepseek-chat-v3.1,5.56725391720104,27.09022491965044,1.0,26.426642169790465,15.104688047133966,16.349663624851285,18.567855862371996,0.6280703054712149,0.5493840216576532,0.8876060021430535,0.008274151820435704,0.8547008547008547,6.020235202463319,0.9216524216524216,0.8925706577648236,0.44222222222222224
google/gemini-2.5-flash-lite,5.6587673872038495,25.14098183143678,1.0,22.888038424751358,15.56089606334527,16.497444074960715,19.0496697374502,0.7334871966000022,0.49250805495634936,0.9347567812587798,0.008780556039523544,0.7435897435897436,5.760037974095668,0.9145299145299145,0.8963775122146161,0.4729059829059829
google/gemini-2.5-flash,5.6352171387922425,26.493476276743895,1.0,23.480577656208258,15.54339168736398,16.619645866226918,19.2393406571975,0.7577651674191273,0.4506339982109023,0.9457844826817375,0.007963969079347316,0.6666666666666666,6.144338551613619,0.9109686609686609,0.9087126357835741,0.45333333333333337
google/gemma-3-27b-it,5.6506242699800975,27.98121980507167,0.9982905982905983,23.316347384228372,15.550476935576679,16.730656378524284,19.511871000456956,0.6812703051402466,0.5245946214495663,0.9128459738619962,0.007875388413577487,0.8461538461538461,5.530695830372361,0.9166666666666666,0.8613746891816177,0.4077777777777778
mistralai/mistral-nemo,5.496277381353337,27.349210275925962,1.0,27.482023684398015,14.821543948244408,16.198816549468276,18.350740205668114,0.5891103400150661,0.5306971928190135,0.8612732548911879,0.008343692095178278,1.2393162393162394,6.414115784008416,0.914767331433998,0.695734797728755,0.34871794871794876
